name,portal_run_id,split
3434,3434,test
3466,3466,train
3473,3473,train
3474,3474,train
3476,3476,train
3484,3484,train
3523,3523,train
3494,3494,train
3503,3503,train
4635,4635,train
4636,4636,train
4627,4627,test
4641,4641,train
4643,4643,train
6973,6973,train
6951,6951,test
6980,6980,train
6985,6985,train
7004,7004,train
8047,8047,train
8049,8049,train
8017,8017,train
8067,8067,train
8063,8063,test
8070,8070,train
8074,8074,train
8034,8034,train
8038,8038,train
8057,8057,train
8078,8078,train
8079,8079,train
7981,7981,test
7996,7996,train
8004,8004,train
8417,8417,train
8418,8418,train
8421,8421,train
8379,8379,test
8389,8389,train
8403,8403,train
8411,8411,train
8397,8397,train
8425,8425,train
8448,8448,train
8432,8432,test
8436,8436,train
8455,8455,train
8499,8499,train
8494,8494,train
8507,8507,train
8513,8513,train
10264,10264,train
10265,10265,train
10266,10266,test
10269,10269,train
10270,10270,train
10252,10252,test
10258,10258,train
10259,10259,train
10280,10280,train
10285,10285,train
11792,11792,train
11788,11788,train
11790,11790,train
11803,11803,train
11776,11776,test
11782,11782,test
11796,11796,train
11799,11799,train
11804,11804,train
11811,11811,train
13208,13208,train
13184,13184,test
13180,13180,train
13181,13181,train
13185,13185,train
13186,13186,train
13195,13195,train
13196,13196,train
13190,13190,train
