run,voxel_size,tomo_type,url,portal_tomo_type,portal_tomogram_id
249,13.48,wbp-raw,10000/TS_043/Reconstructions/VoxelSpacing13.480/Tomograms/100/TS_043.zarr,,629
241,13.48,wbp-raw,10000/TS_026/Reconstructions/VoxelSpacing13.480/Tomograms/100/TS_026.zarr,,621
242,13.48,wbp-raw,10000/TS_027/Reconstructions/VoxelSpacing13.480/Tomograms/100/TS_027.zarr,,622
243,13.48,wbp-raw,10000/TS_028/Reconstructions/VoxelSpacing13.480/Tomograms/100/TS_028.zarr,,623
244,13.48,wbp-raw,10000/TS_029/Reconstructions/VoxelSpacing13.480/Tomograms/100/TS_029.zarr,,624
245,13.48,wbp-raw,10000/TS_030/Reconstructions/VoxelSpacing13.480/Tomograms/100/TS_030.zarr,,625
246,13.48,wbp-raw,10000/TS_034/Reconstructions/VoxelSpacing13.480/Tomograms/100/TS_034.zarr,,626
247,13.48,wbp-raw,10000/TS_037/Reconstructions/VoxelSpacing13.480/Tomograms/100/TS_037.zarr,,627
248,13.48,wbp-raw,10000/TS_041/Reconstructions/VoxelSpacing13.480/Tomograms/100/TS_041.zarr,,628
250,13.48,wbp-raw,10000/TS_045/Reconstructions/VoxelSpacing13.480/Tomograms/100/TS_045.zarr,,630
253,13.48,wbp-raw,10001/TS_0003/Reconstructions/VoxelSpacing13.480/Tomograms/100/TS_0003.zarr,,2271
252,13.48,wbp-raw,10001/TS_0002/Reconstructions/VoxelSpacing13.480/Tomograms/100/TS_0002.zarr,,2270
254,13.48,wbp-raw,10001/TS_0004/Reconstructions/VoxelSpacing13.480/Tomograms/100/TS_0004.zarr,,2272
255,13.48,wbp-raw,10001/TS_0005/Reconstructions/VoxelSpacing13.480/Tomograms/100/TS_0005.zarr,,2273
256,13.48,wbp-raw,10001/TS_0006/Reconstructions/VoxelSpacing13.480/Tomograms/100/TS_0006.zarr,,2274
257,13.48,wbp-raw,10001/TS_0007/Reconstructions/VoxelSpacing13.480/Tomograms/100/TS_0007.zarr,,2275
258,13.48,wbp-raw,10001/TS_0008/Reconstructions/VoxelSpacing13.480/Tomograms/100/TS_0008.zarr,,2276
259,13.48,wbp-raw,10001/TS_0009/Reconstructions/VoxelSpacing13.480/Tomograms/100/TS_0009.zarr,,2277
260,13.48,wbp-raw,10001/TS_0010/Reconstructions/VoxelSpacing13.480/Tomograms/100/TS_0010.zarr,,2278
251,13.48,wbp-raw,10001/TS_0001/Reconstructions/VoxelSpacing13.480/Tomograms/100/TS_0001.zarr,,2269
